filename,width,height,class,xmin,ymin,xmax,ymax
RT_141.jpg,640,480,peach,511,385,546,435
RT_141.jpg,640,480,peach,478,404,531,453
RT_141.jpg,640,480,peach,295,1,345,43
RT_141.jpg,640,480,peach,2,400,52,459
RT_46.jpg,480,640,peach,299,25,340,65
RT_146.jpg,481,640,peach,306,226,334,255
RT_146.jpg,481,640,peach,288,274,318,299
RT_146.jpg,481,640,peach,447,78,484,111
RT_146.jpg,481,640,peach,451,239,484,272
RT_146.jpg,481,640,peach,326,422,352,446
RT_207.jpg,480,640,peach,306,252,334,290
RT_207.jpg,480,640,peach,328,302,359,335
RT_207.jpg,480,640,peach,505,348,531,382
RT_207.jpg,480,640,peach,561,327,586,363
RT_34.jpg,640,480,peach,485,216,534,263
RT_34.jpg,640,480,peach,154,23,194,60
RT_34.jpg,640,480,peach,201,1,243,15
RT_34.jpg,640,480,peach,377,228,408,253
RT_206.jpg,640,480,peach,97,173,128,220
RT_206.jpg,640,480,peach,379,113,416,155
RT_206.jpg,640,480,peach,388,302,424,340
RT_206.jpg,640,480,peach,128,6,168,49
RT_206.jpg,640,480,peach,438,242,457,262
RT_206.jpg,640,480,peach,124,1,166,16
RT_39.jpg,640,480,peach,22,424,64,464
RT_39.jpg,640,480,peach,305,423,334,452
RT_39.jpg,640,480,peach,316,452,344,477
RT_39.jpg,640,480,peach,95,298,119,323
RT_78.jpg,480,640,peach,284,365,316,396
RT_78.jpg,480,640,peach,224,393,248,418
RT_78.jpg,480,640,peach,308,224,331,256
RT_52.jpg,480,640,peach,330,234,377,283
RT_52.jpg,480,640,peach,297,367,342,407
RT_52.jpg,480,640,peach,66,115,101,170
RT_52.jpg,480,640,peach,438,381,468,417
RT_223.jpg,640,481,peach,302,224,337,257
RT_223.jpg,640,481,peach,348,416,379,447
RT_223.jpg,640,481,peach,479,247,501,268
RT_223.jpg,640,481,peach,1,436,25,472
RT_154.jpg,480,640,peach,26,84,53,109
RT_154.jpg,480,640,peach,183,407,221,446
RT_154.jpg,480,640,peach,297,251,342,289
RT_154.jpg,480,640,peach,424,231,471,277
RT_154.jpg,480,640,peach,518,273,557,308
RT_154.jpg,480,640,peach,505,295,546,335
RT_154.jpg,480,640,peach,530,354,563,392
RT_154.jpg,480,640,peach,547,393,583,428
RT_21.jpg,640,480,peach,302,358,338,393
RT_21.jpg,640,480,peach,569,302,591,325
RT_21.jpg,640,480,peach,1,1,48,36
RT_108.jpg,480,640,peach,384,235,418,267
RT_108.jpg,480,640,peach,413,248,453,282
RT_216.jpg,480,640,peach,325,223,367,257
RT_105.jpg,480,640,peach,88,9,126,48
RT_105.jpg,480,640,peach,98,65,139,103
RT_105.jpg,480,640,peach,300,296,340,337
RT_105.jpg,480,640,peach,538,200,570,228
RT_105.jpg,480,640,peach,411,420,447,456
RT_105.jpg,480,640,peach,339,164,369,197
RT_7.jpg,480,640,peach,312,106,363,155
RT_7.jpg,480,640,peach,574,359,609,392
RT_175.jpg,640,480,peach,200,55,241,89
RT_175.jpg,640,480,peach,228,60,265,96
RT_175.jpg,640,480,peach,18,63,48,90
RT_175.jpg,640,480,peach,1,75,17,110
RT_175.jpg,640,480,peach,62,318,92,349
RT_175.jpg,640,480,peach,423,355,484,413
RT_175.jpg,640,480,peach,289,429,322,458
RT_175.jpg,640,480,peach,1,239,17,270
RT_195.jpg,481,640,peach,216,402,287,474
RT_195.jpg,481,640,peach,557,305,598,350
RT_195.jpg,481,640,peach,577,358,619,403
RT_195.jpg,481,640,peach,18,453,43,475
RT_195.jpg,481,640,peach,2,452,23,472
RT_195.jpg,481,640,peach,1,223,21,258
RT_195.jpg,481,640,peach,1,411,14,441
RT_195.jpg,481,640,peach,296,447,319,467
RT_195.jpg,481,640,peach,363,452,390,474
RT_195.jpg,481,640,peach,347,428,374,453
RT_118.jpg,480,640,peach,485,212,528,268
RT_118.jpg,480,640,peach,514,206,573,265
RT_118.jpg,480,640,peach,577,197,635,256
RT_213.jpg,640,480,peach,50,188,72,209
RT_213.jpg,640,480,peach,346,453,388,480
RT_182.jpg,480,640,peach,298,112,341,153
RT_182.jpg,480,640,peach,257,282,288,316
RT_53.jpg,480,640,peach,174,49,202,79
RT_53.jpg,480,640,peach,298,111,341,149
RT_14.jpg,640,480,peach,342,1,379,37
RT_14.jpg,640,480,peach,299,313,340,355
RT_14.jpg,640,480,peach,596,94,638,141
RT_115.jpg,480,640,peach,488,216,533,264
RT_115.jpg,480,640,peach,370,401,401,429
RT_215.jpg,480,640,peach,588,164,626,197
RT_142.jpg,480,640,peach,239,162,298,218
RT_142.jpg,480,640,peach,302,401,338,437
RT_142.jpg,480,640,peach,372,406,406,445
RT_142.jpg,480,640,peach,439,387,478,425
RT_152.jpg,480,640,peach,82,64,110,91
RT_152.jpg,480,640,peach,72,74,99,99
RT_152.jpg,480,640,peach,337,132,384,174
RT_152.jpg,480,640,peach,332,191,380,238
RT_152.jpg,480,640,peach,304,284,336,312
RT_152.jpg,480,640,peach,401,406,432,439
RT_152.jpg,480,640,peach,424,404,457,438
RT_84.jpg,481,640,peach,301,222,339,259
RT_84.jpg,481,640,peach,118,122,176,174
RT_84.jpg,481,640,peach,481,267,514,305
RT_84.jpg,481,640,peach,410,340,444,373
RT_84.jpg,481,640,peach,387,387,422,421
RT_84.jpg,481,640,peach,409,444,439,472
RT_84.jpg,481,640,peach,538,67,568,104
RT_84.jpg,481,640,peach,71,304,114,346
RT_84.jpg,481,640,peach,325,236,353,268
RT_37.jpg,480,640,peach,107,228,132,252
RT_37.jpg,480,640,peach,124,236,147,258
RT_37.jpg,480,640,peach,218,248,241,270
RT_37.jpg,480,640,peach,302,322,333,353
RT_37.jpg,480,640,peach,296,419,326,451
RT_37.jpg,480,640,peach,502,285,557,335
RT_37.jpg,480,640,peach,583,283,618,322
RT_237.jpg,480,640,peach,446,166,488,209
RT_237.jpg,480,640,peach,296,246,343,289
RT_237.jpg,480,640,peach,254,425,305,479
RT_237.jpg,480,640,peach,470,302,497,334
RT_36.jpg,480,640,peach,154,251,193,287
RT_36.jpg,480,640,peach,175,239,214,275
RT_36.jpg,480,640,peach,53,221,82,248
RT_36.jpg,480,640,peach,55,247,82,272
RT_36.jpg,480,640,peach,305,351,335,381
RT_36.jpg,480,640,peach,420,389,453,431
RT_36.jpg,480,640,peach,12,88,42,125
RT_20.jpg,481,640,peach,501,26,554,75
RT_20.jpg,481,640,peach,503,193,537,229
RT_20.jpg,481,640,peach,305,219,334,262
RT_20.jpg,481,640,peach,204,368,240,402
RT_20.jpg,481,640,peach,184,387,212,420
RT_189.jpg,640,480,peach,307,370,338,403
RT_189.jpg,640,480,peach,386,156,424,197
RT_189.jpg,640,480,peach,371,105,409,143
RT_189.jpg,640,480,peach,301,355,339,381
RT_189.jpg,640,480,peach,1,403,15,440
RT_211.jpg,480,640,peach,588,183,634,229
RT_211.jpg,480,640,peach,151,224,177,248
RT_211.jpg,480,640,peach,63,309,91,337
RT_211.jpg,480,640,peach,83,227,109,253
RT_211.jpg,480,640,peach,68,237,95,263
RT_132.jpg,640,480,peach,562,302,584,325
RT_132.jpg,640,480,peach,613,24,636,55
RT_132.jpg,640,480,peach,252,1,308,41
RT_45.jpg,640,480,peach,614,225,639,255
RT_45.jpg,640,480,peach,563,362,592,386
RT_130.jpg,480,640,peach,484,438,524,479
RT_130.jpg,480,640,peach,569,182,634,244
RT_130.jpg,480,640,peach,561,1,615,27
RT_82.jpg,480,640,peach,585,100,625,161
RT_82.jpg,480,640,peach,272,331,303,361
RT_82.jpg,480,640,peach,299,278,341,318
RT_82.jpg,480,640,peach,254,43,283,71
RT_82.jpg,480,640,peach,387,419,427,459
RT_43.jpg,480,640,peach,530,49,558,79
RT_43.jpg,480,640,peach,292,165,317,193
RT_196.jpg,481,640,peach,109,70,147,108
RT_196.jpg,481,640,peach,300,81,341,122
RT_196.jpg,481,640,peach,388,224,425,257
RT_196.jpg,481,640,peach,123,214,155,246
RT_196.jpg,481,640,peach,530,361,551,385
RT_162.jpg,480,640,peach,245,201,268,230
RT_162.jpg,480,640,peach,214,380,270,434
RT_162.jpg,480,640,peach,478,378,517,419
RT_85.jpg,480,640,peach,299,96,341,140
RT_85.jpg,480,640,peach,445,420,476,452
RT_184.jpg,480,640,peach,218,223,257,257
RT_184.jpg,480,640,peach,319,388,360,425
RT_210.jpg,480,640,peach,393,318,444,371
RT_210.jpg,480,640,peach,576,367,606,396
RT_210.jpg,480,640,peach,331,93,359,124
RT_210.jpg,480,640,peach,152,406,178,428
RT_203.jpg,480,640,peach,549,71,601,115
RT_203.jpg,480,640,peach,306,285,331,309
RT_190.jpg,480,640,peach,272,290,319,336
RT_190.jpg,480,640,peach,229,59,247,79
RT_190.jpg,480,640,peach,168,99,188,119
RT_190.jpg,480,640,peach,185,9,202,27
RT_190.jpg,480,640,peach,21,157,41,180
RT_10.jpg,481,640,peach,157,224,188,257
RT_10.jpg,481,640,peach,223,362,257,404
RT_10.jpg,481,640,peach,9,424,40,454
RT_10.jpg,481,640,peach,18,409,46,432
RT_10.jpg,481,640,peach,415,379,457,410
RT_10.jpg,481,640,peach,381,400,425,435
RT_10.jpg,481,640,peach,395,364,437,398
RT_10.jpg,481,640,peach,18,348,47,376
RT_10.jpg,481,640,peach,8,386,37,411
RT_97.jpg,481,640,peach,104,81,142,118
RT_97.jpg,481,640,peach,284,126,317,164
RT_97.jpg,481,640,peach,213,199,247,232
RT_97.jpg,481,640,peach,190,246,225,280
RT_97.jpg,481,640,peach,212,303,242,331
RT_97.jpg,481,640,peach,200,434,237,471
RT_97.jpg,481,640,peach,224,436,262,472
RT_97.jpg,481,640,peach,605,227,639,276
RT_97.jpg,481,640,peach,478,227,502,254
RT_97.jpg,481,640,peach,149,376,172,405
RT_97.jpg,481,640,peach,128,95,156,127
RT_234.jpg,480,640,peach,213,27,262,80
RT_234.jpg,480,640,peach,88,31,144,98
RT_234.jpg,480,640,peach,13,261,65,307
RT_234.jpg,480,640,peach,50,391,91,428
RT_234.jpg,480,640,peach,304,434,335,468
RT_234.jpg,480,640,peach,137,343,161,370
RT_71.jpg,640,481,peach,518,385,559,425
RT_71.jpg,640,481,peach,300,220,339,261
RT_71.jpg,640,481,peach,293,454,332,481
RT_214.jpg,481,640,peach,293,218,346,263
RT_6.jpg,480,640,peach,433,314,461,341
RT_6.jpg,480,640,peach,258,439,288,474
RT_6.jpg,480,640,peach,595,225,630,253
RT_6.jpg,480,640,peach,317,420,343,446
RT_77.jpg,480,640,peach,7,248,46,298
RT_77.jpg,480,640,peach,43,309,78,348
RT_77.jpg,480,640,peach,65,367,101,408
RT_77.jpg,480,640,peach,234,18,276,58
RT_77.jpg,480,640,peach,321,298,363,340
RT_77.jpg,480,640,peach,345,325,390,367
RT_110.jpg,480,640,peach,289,97,350,160
RT_163.jpg,481,640,peach,352,220,393,261
RT_163.jpg,481,640,peach,490,334,516,362
RT_163.jpg,481,640,peach,577,353,604,378
RT_163.jpg,481,640,peach,592,368,614,389
RT_163.jpg,481,640,peach,551,370,575,391
RT_163.jpg,481,640,peach,550,396,571,419
RT_163.jpg,481,640,peach,358,424,383,447
RT_224.jpg,480,640,peach,65,116,113,164
RT_224.jpg,480,640,peach,117,428,162,468
RT_224.jpg,480,640,peach,262,362,308,402
RT_227.jpg,480,640,peach,325,11,367,45
RT_227.jpg,480,640,peach,578,297,639,357
RT_101.jpg,640,480,peach,385,264,448,328
RT_101.jpg,640,480,peach,459,8,499,43
RT_101.jpg,640,480,peach,450,26,487,65
RT_101.jpg,640,480,peach,483,32,522,71
RT_101.jpg,640,480,peach,487,62,527,101
RT_101.jpg,640,480,peach,621,343,638,366
RT_101.jpg,640,480,peach,418,462,450,480
RT_226.jpg,480,640,peach,409,211,462,269
RT_226.jpg,480,640,peach,537,9,582,52
RT_226.jpg,480,640,peach,613,336,639,366
RT_226.jpg,480,640,peach,618,362,639,398
RT_5.jpg,480,640,peach,262,145,323,200
RT_5.jpg,480,640,peach,590,107,624,134
RT_5.jpg,480,640,peach,603,143,637,173
RT_5.jpg,480,640,peach,140,406,182,449
RT_56.jpg,640,480,peach,98,381,128,417
RT_56.jpg,640,480,peach,304,431,336,465
RT_56.jpg,640,480,peach,1,234,40,286
RT_83.jpg,480,640,peach,296,96,343,142
RT_98.jpg,640,480,peach,271,418,321,473
RT_98.jpg,640,480,peach,303,370,337,409
RT_98.jpg,640,480,peach,380,400,409,431
RT_98.jpg,640,480,peach,478,221,516,261
RT_98.jpg,640,480,peach,445,24,508,88
RT_98.jpg,640,480,peach,1,229,17,268
RT_159.jpg,480,640,peach,98,177,147,227
RT_159.jpg,480,640,peach,305,273,334,303
RT_159.jpg,480,640,peach,586,285,625,322
RT_124.jpg,480,640,peach,129,39,182,83
RT_124.jpg,480,640,peach,242,242,282,279
RT_124.jpg,480,640,peach,146,342,176,373
RT_124.jpg,480,640,peach,245,181,264,203
RT_124.jpg,480,640,peach,24,145,52,169
RT_16.jpg,480,640,peach,125,225,176,277
RT_16.jpg,480,640,peach,80,218,133,263
RT_16.jpg,480,640,peach,302,193,337,244
RT_90.jpg,640,480,peach,568,310,602,341
RT_90.jpg,640,480,peach,476,403,506,432
RT_90.jpg,640,480,peach,455,427,489,456
RT_90.jpg,640,480,peach,90,115,122,159
RT_90.jpg,640,480,peach,495,417,514,443
RT_76.jpg,480,640,peach,322,231,364,271
RT_76.jpg,480,640,peach,300,221,339,259
RT_241.jpg,481,640,peach,340,238,385,279
RT_241.jpg,481,640,peach,326,418,367,457
RT_241.jpg,481,640,peach,425,328,463,366
RT_241.jpg,481,640,peach,453,387,496,427
RT_241.jpg,481,640,peach,82,227,106,254
RT_161.jpg,480,640,peach,308,224,331,256
RT_26.jpg,640,480,peach,23,178,65,209
RT_26.jpg,640,480,peach,88,282,127,317
RT_26.jpg,640,480,peach,300,448,345,479
RT_26.jpg,640,480,peach,417,410,446,444
RT_26.jpg,640,480,peach,429,420,460,453
RT_26.jpg,640,480,peach,298,371,341,420
RT_26.jpg,640,480,peach,3,163,45,197
RT_26.jpg,640,480,peach,1,202,27,236
RT_26.jpg,640,480,peach,402,413,423,441
RT_24.jpg,640,480,peach,291,223,324,257
RT_24.jpg,640,480,peach,316,217,348,247
RT_24.jpg,640,480,peach,351,342,382,373
RT_24.jpg,640,480,peach,265,463,297,480
RT_193.jpg,481,640,peach,43,384,74,417
RT_193.jpg,481,640,peach,122,170,160,211
RT_193.jpg,481,640,peach,107,119,145,157
RT_193.jpg,481,640,peach,378,203,451,278
RT_193.jpg,481,640,peach,536,258,559,284
RT_193.jpg,481,640,peach,37,369,75,395
RT_221.jpg,480,640,peach,325,251,367,285
RT_221.jpg,480,640,peach,504,5,564,50
RT_18.jpg,640,481,peach,42,124,79,161
RT_18.jpg,640,481,peach,125,70,163,106
RT_18.jpg,640,481,peach,84,105,112,136
RT_18.jpg,640,481,peach,299,220,341,261
RT_18.jpg,640,481,peach,413,422,453,461
RT_18.jpg,640,481,peach,2,442,39,479
RT_80.jpg,640,480,peach,407,96,437,128
RT_80.jpg,640,480,peach,574,465,610,479
RT_80.jpg,640,480,peach,72,449,118,479
RT_80.jpg,640,480,peach,514,161,557,203
RT_80.jpg,640,480,peach,561,1,617,34
RT_187.jpg,480,640,peach,181,224,201,241
RT_187.jpg,480,640,peach,229,299,247,319
RT_187.jpg,480,640,peach,168,339,188,359
RT_187.jpg,480,640,peach,185,249,202,267
RT_187.jpg,480,640,peach,21,397,41,420
RT_192.jpg,480,640,peach,219,73,273,124
RT_192.jpg,480,640,peach,473,1,531,32
RT_156.jpg,480,640,peach,60,417,109,467
RT_156.jpg,480,640,peach,350,184,392,221
RT_156.jpg,480,640,peach,328,191,364,228
RT_228.jpg,480,640,peach,224,337,259,370
RT_228.jpg,480,640,peach,614,94,639,139
RT_228.jpg,480,640,peach,401,360,423,381
RT_29.jpg,480,640,peach,104,398,140,433
RT_29.jpg,480,640,peach,371,342,393,365
RT_29.jpg,480,640,peach,458,228,483,252
RT_114.jpg,640,481,peach,293,217,343,264
RT_114.jpg,640,481,peach,228,348,273,390
RT_114.jpg,640,481,peach,463,208,501,247
RT_114.jpg,640,481,peach,616,36,640,81
RT_2.jpg,481,640,peach,480,98,508,125
RT_2.jpg,481,640,peach,573,354,604,383
RT_2.jpg,481,640,peach,305,223,335,258
RT_2.jpg,481,640,peach,382,247,402,270
RT_2.jpg,481,640,peach,371,255,392,276
RT_2.jpg,481,640,peach,364,204,390,230
RT_9.jpg,480,640,peach,306,62,334,91
RT_9.jpg,480,640,peach,332,95,360,127
RT_9.jpg,480,640,peach,474,240,511,277
RT_9.jpg,480,640,peach,557,186,595,222
RT_9.jpg,480,640,peach,516,221,544,252
RT_9.jpg,480,640,peach,107,447,130,469
RT_9.jpg,480,640,peach,91,449,111,472
RT_107.jpg,640,480,peach,127,182,174,220
RT_107.jpg,640,480,peach,593,97,640,159
RT_245.jpg,480,640,peach,421,56,480,109
RT_245.jpg,480,640,peach,297,217,342,263
RT_245.jpg,480,640,peach,380,228,415,264
RT_113.jpg,480,640,peach,300,343,340,385
RT_113.jpg,480,640,peach,288,371,329,414
RT_113.jpg,480,640,peach,498,168,529,196
RT_240.jpg,480,640,peach,328,236,374,282
RT_240.jpg,480,640,peach,320,225,361,255
RT_240.jpg,480,640,peach,609,382,632,412
RT_240.jpg,480,640,peach,243,435,273,469
RT_240.jpg,480,640,peach,225,432,253,462
RT_240.jpg,480,640,peach,1,258,43,304
RT_147.jpg,480,640,peach,261,24,306,69
RT_147.jpg,480,640,peach,443,93,473,127
RT_147.jpg,480,640,peach,248,360,272,383
RT_22.jpg,640,480,peach,161,286,203,327
RT_22.jpg,640,480,peach,578,199,601,223
RT_22.jpg,640,480,peach,532,229,555,251
RT_22.jpg,640,480,peach,1,137,22,171
RT_153.jpg,480,640,peach,123,93,153,127
RT_153.jpg,480,640,peach,306,168,334,204
RT_153.jpg,480,640,peach,380,417,429,467
RT_19.jpg,640,480,peach,300,23,340,60
RT_19.jpg,640,480,peach,350,1,389,14
RT_19.jpg,640,480,peach,522,226,558,255
RT_27.jpg,640,481,peach,301,165,354,214
RT_27.jpg,640,481,peach,303,332,337,368
RT_27.jpg,640,481,peach,105,358,134,401
RT_27.jpg,640,481,peach,460,194,505,239
RT_27.jpg,640,481,peach,434,225,469,256
RT_27.jpg,640,481,peach,534,394,565,420
RT_27.jpg,640,481,peach,580,385,609,414
RT_27.jpg,640,481,peach,595,400,623,426
RT_27.jpg,640,481,peach,455,452,478,476
RT_27.jpg,640,481,peach,433,465,458,481
RT_243.jpg,640,480,peach,276,4,328,49
RT_243.jpg,640,480,peach,555,295,614,348
RT_243.jpg,640,480,peach,431,454,479,480
RT_198.jpg,480,640,peach,216,281,287,353
RT_198.jpg,480,640,peach,557,184,598,229
RT_198.jpg,480,640,peach,577,237,619,282
RT_198.jpg,480,640,peach,517,423,549,462
RT_198.jpg,480,640,peach,496,433,533,466
RT_198.jpg,480,640,peach,18,332,43,354
RT_198.jpg,480,640,peach,2,331,23,351
RT_198.jpg,480,640,peach,1,102,21,137
RT_198.jpg,480,640,peach,1,290,14,320
RT_198.jpg,480,640,peach,296,326,319,346
RT_198.jpg,480,640,peach,55,383,76,402
RT_198.jpg,480,640,peach,400,418,429,447
RT_198.jpg,480,640,peach,363,331,390,353
RT_198.jpg,480,640,peach,347,307,374,332
RT_66.jpg,480,640,peach,113,218,163,262
RT_66.jpg,480,640,peach,530,422,577,472
RT_11.jpg,480,640,peach,267,5,305,54
RT_11.jpg,480,640,peach,271,217,322,265
RT_239.jpg,480,640,peach,358,332,407,373
RT_239.jpg,480,640,peach,284,431,355,479
RT_212.jpg,480,640,peach,243,256,289,309
RT_212.jpg,480,640,peach,1,120,17,168
RT_212.jpg,480,640,peach,18,455,45,479
RT_104.jpg,480,640,peach,296,386,343,431
RT_200.jpg,640,480,peach,255,162,300,206
RT_200.jpg,640,480,peach,412,236,458,281
RT_200.jpg,640,480,peach,301,246,339,281
RT_200.jpg,640,480,peach,528,381,554,411
RT_200.jpg,640,480,peach,531,344,554,367
RT_200.jpg,640,480,peach,609,305,640,349
RT_229.jpg,480,640,peach,184,329,227,368
RT_229.jpg,480,640,peach,373,441,404,473
RT_229.jpg,480,640,peach,392,448,429,479
RT_229.jpg,480,640,peach,145,464,187,479
RT_233.jpg,480,640,peach,231,109,277,151
RT_233.jpg,480,640,peach,263,120,297,157
RT_233.jpg,480,640,peach,359,110,395,143
RT_233.jpg,480,640,peach,367,303,392,328
RT_233.jpg,480,640,peach,308,379,332,406
RT_231.jpg,480,640,peach,302,306,337,344
RT_231.jpg,480,640,peach,472,191,509,226
RT_42.jpg,640,480,peach,300,1,341,17
RT_42.jpg,640,480,peach,375,55,405,93
RT_3.jpg,640,480,peach,289,145,350,200
RT_3.jpg,640,480,peach,167,406,209,449
RT_3.jpg,640,480,peach,617,105,640,138
RT_177.jpg,480,640,peach,45,346,88,388
RT_177.jpg,480,640,peach,385,20,416,50
RT_177.jpg,480,640,peach,395,38,426,67
RT_201.jpg,481,640,peach,116,421,157,466
RT_201.jpg,481,640,peach,296,410,327,457
RT_201.jpg,481,640,peach,578,350,615,392
RT_201.jpg,481,640,peach,323,209,364,253
RT_201.jpg,481,640,peach,350,218,379,255
RT_201.jpg,481,640,peach,327,243,367,286
RT_201.jpg,481,640,peach,304,224,335,257
RT_35.jpg,480,640,peach,104,358,140,393
RT_35.jpg,480,640,peach,446,443,466,466
RT_35.jpg,480,640,peach,371,302,393,325
RT_35.jpg,480,640,peach,458,188,483,212
RT_79.jpg,640,480,peach,281,226,310,254
RT_79.jpg,640,480,peach,610,284,640,342
RT_185.jpg,480,640,peach,239,42,270,76
RT_185.jpg,480,640,peach,227,267,252,293
RT_185.jpg,480,640,peach,215,299,246,332
RT_185.jpg,480,640,peach,212,321,249,355
RT_185.jpg,480,640,peach,577,391,607,420
RT_185.jpg,480,640,peach,106,290,153,337
RT_185.jpg,480,640,peach,224,403,254,442
RT_197.jpg,480,640,peach,45,172,99,222
RT_197.jpg,480,640,peach,382,42,437,96
RT_197.jpg,480,640,peach,166,263,196,294
RT_197.jpg,480,640,peach,508,402,553,446
RT_197.jpg,480,640,peach,37,382,67,408
RT_197.jpg,480,640,peach,1,93,22,135
RT_158.jpg,640,480,peach,42,406,73,439
RT_158.jpg,640,480,peach,65,404,98,438
RT_158.jpg,640,480,peach,303,302,336,331
RT_158.jpg,640,480,peach,325,310,356,341
RT_158.jpg,640,480,peach,1,130,26,176
RT_158.jpg,640,480,peach,1,191,22,238
RT_70.jpg,640,480,peach,305,155,335,185
RT_70.jpg,640,480,peach,417,99,450,127
RT_70.jpg,640,480,peach,534,258,576,298
RT_70.jpg,640,480,peach,193,455,236,480
RT_246.jpg,480,640,peach,600,28,636,65
RT_246.jpg,480,640,peach,304,362,335,389
RT_246.jpg,480,640,peach,439,267,464,292
RT_246.jpg,480,640,peach,302,420,324,446
RT_4.jpg,481,640,peach,312,216,363,265
RT_106.jpg,640,481,peach,34,226,67,258
RT_106.jpg,640,481,peach,562,228,587,253
RT_106.jpg,640,481,peach,619,342,639,375
RT_106.jpg,640,481,peach,100,91,137,128
RT_106.jpg,640,481,peach,5,235,35,266
RT_121.jpg,480,640,peach,240,171,296,223
RT_138.jpg,640,480,peach,300,446,340,479
RT_138.jpg,640,480,peach,1,390,16,431
RT_50.jpg,480,640,peach,2,51,46,89
RT_50.jpg,480,640,peach,262,342,295,375
RT_50.jpg,480,640,peach,450,187,474,214
RT_103.jpg,481,640,peach,322,214,363,248
RT_103.jpg,481,640,peach,361,355,391,381
RT_103.jpg,481,640,peach,476,385,513,423
RT_103.jpg,481,640,peach,204,224,244,257
RT_40.jpg,640,480,peach,52,448,97,479
RT_40.jpg,640,480,peach,169,410,198,444
RT_40.jpg,640,480,peach,181,420,212,453
RT_40.jpg,640,480,peach,588,219,623,251
RT_40.jpg,640,480,peach,50,371,93,420
RT_40.jpg,640,480,peach,453,231,483,259
RT_40.jpg,640,480,peach,425,233,458,264
RT_40.jpg,640,480,peach,482,1,523,22
RT_145.jpg,480,640,peach,319,392,356,428
RT_145.jpg,480,640,peach,305,386,334,417
RT_145.jpg,480,640,peach,559,376,595,412
RT_145.jpg,480,640,peach,581,389,623,426
RT_145.jpg,480,640,peach,180,145,215,195
RT_145.jpg,480,640,peach,147,164,200,213
RT_248.jpg,480,640,peach,1,93,56,166
RT_248.jpg,480,640,peach,207,271,244,304
RT_111.jpg,640,480,peach,298,325,342,366
RT_111.jpg,640,480,peach,196,1,245,29
RT_139.jpg,640,481,peach,40,6,87,48
RT_139.jpg,640,481,peach,2,297,40,331
RT_139.jpg,640,481,peach,546,222,583,259
RT_139.jpg,640,481,peach,1,14,49,81
RT_139.jpg,640,481,peach,1,274,40,308
RT_139.jpg,640,481,peach,1,252,15,285
RT_87.jpg,480,640,peach,565,253,598,287
RT_87.jpg,480,640,peach,460,372,493,405
RT_87.jpg,480,640,peach,306,429,333,460
RT_87.jpg,480,640,peach,104,329,136,360
RT_87.jpg,480,640,peach,44,357,68,382
RT_87.jpg,480,640,peach,128,188,151,220
RT_47.jpg,480,640,peach,80,223,108,255
RT_47.jpg,480,640,peach,1,223,24,257
RT_47.jpg,480,640,peach,532,374,579,423
RT_47.jpg,480,640,peach,268,255,303,310
RT_170.jpg,480,640,peach,137,1,163,14
RT_100.jpg,640,480,peach,295,316,344,367
RT_100.jpg,640,480,peach,508,236,532,279
RT_100.jpg,640,480,peach,597,250,628,286
RT_100.jpg,640,480,peach,618,199,640,236
RT_12.jpg,481,640,peach,301,221,339,260
RT_12.jpg,481,640,peach,311,277,352,315
RT_12.jpg,481,640,peach,552,376,582,409
RT_41.jpg,480,640,peach,470,150,510,188
RT_225.jpg,480,640,peach,173,182,220,224
RT_225.jpg,480,640,peach,88,340,144,394
RT_168.jpg,480,640,peach,464,400,490,425
RT_168.jpg,480,640,peach,373,153,412,197
RT_168.jpg,480,640,peach,478,283,502,304
RT_168.jpg,480,640,peach,498,307,517,330
RT_166.jpg,640,481,peach,358,1,438,34
RT_166.jpg,640,481,peach,200,219,241,253
RT_166.jpg,640,481,peach,228,224,265,260
RT_166.jpg,640,481,peach,18,227,48,254
RT_166.jpg,640,481,peach,1,239,17,274
RT_166.jpg,640,481,peach,370,11,441,57
RT_166.jpg,640,481,peach,1,402,19,432
RT_222.jpg,640,480,peach,56,125,112,181
RT_222.jpg,640,480,peach,74,187,128,239
RT_222.jpg,640,480,peach,119,175,168,219
RT_222.jpg,640,480,peach,537,232,582,275
RT_222.jpg,640,480,peach,456,82,493,121
RT_222.jpg,640,480,peach,410,436,465,480
RT_188.jpg,480,640,peach,216,149,255,183
RT_188.jpg,480,640,peach,317,314,358,351
RT_188.jpg,480,640,peach,303,424,336,460
RT_8.jpg,640,480,peach,440,225,491,277
RT_8.jpg,640,480,peach,395,218,448,263
RT_8.jpg,640,480,peach,251,285,284,319
RT_8.jpg,640,480,peach,205,344,234,372
RT_8.jpg,640,480,peach,123,415,149,443
RT_8.jpg,640,480,peach,1,126,18,173
RT_8.jpg,640,480,peach,1,99,16,136
RT_8.jpg,640,480,peach,6,29,42,87
RT_8.jpg,640,480,peach,214,309,233,335
RT_8.jpg,640,480,peach,616,207,639,246
RT_75.jpg,480,640,peach,459,107,517,159
RT_75.jpg,480,640,peach,305,224,335,256
RT_75.jpg,480,640,peach,412,289,455,331
RT_178.jpg,480,640,peach,63,83,100,116
RT_178.jpg,480,640,peach,67,244,100,277
RT_178.jpg,480,640,peach,548,141,599,194
RT_178.jpg,480,640,peach,307,229,333,251
RT_220.jpg,480,640,peach,293,3,347,56
RT_220.jpg,480,640,peach,307,71,359,116
RT_74.jpg,480,640,peach,526,202,567,242
RT_74.jpg,480,640,peach,301,268,339,305
RT_74.jpg,480,640,peach,308,37,347,78
RT_62.jpg,480,640,peach,241,292,293,340
RT_62.jpg,480,640,peach,232,351,259,381
RT_62.jpg,480,640,peach,259,367,284,395
RT_62.jpg,480,640,peach,445,377,490,423
RT_62.jpg,480,640,peach,612,59,639,112
RT_62.jpg,480,640,peach,595,243,626,274
RT_62.jpg,480,640,peach,605,264,634,292
RT_62.jpg,480,640,peach,116,241,152,273
RT_171.jpg,480,640,peach,272,4,368,111
RT_171.jpg,480,640,peach,276,78,361,123
RT_171.jpg,480,640,peach,118,295,159,329
RT_171.jpg,480,640,peach,146,300,183,336
RT_92.jpg,640,481,peach,4,339,51,379
RT_92.jpg,640,481,peach,33,286,79,333
RT_92.jpg,640,481,peach,566,223,601,258
RT_92.jpg,640,481,peach,1,304,56,359
RT_238.jpg,480,640,peach,307,48,332,73
RT_238.jpg,480,640,peach,522,304,542,322
RT_122.jpg,480,640,peach,536,421,568,454
RT_122.jpg,480,640,peach,603,392,633,418
RT_28.jpg,640,480,peach,40,34,77,67
RT_28.jpg,640,480,peach,230,416,267,456
RT_28.jpg,640,480,peach,300,396,333,429
RT_28.jpg,640,480,peach,320,408,352,443
RT_28.jpg,640,480,peach,607,338,639,389
RT_28.jpg,640,480,peach,483,40,516,79
RT_28.jpg,640,480,peach,618,378,640,418
RT_128.jpg,481,640,peach,252,186,308,238
RT_128.jpg,481,640,peach,480,90,509,126
RT_128.jpg,481,640,peach,613,225,636,256
RT_25.jpg,480,640,peach,282,228,309,252
RT_150.jpg,480,640,peach,284,269,312,303
RT_150.jpg,480,640,peach,340,318,368,349
RT_150.jpg,480,640,peach,182,429,216,461
RT_150.jpg,480,640,peach,305,232,334,259
RT_150.jpg,480,640,peach,214,120,238,143
RT_54.jpg,480,640,peach,64,1,116,32
RT_54.jpg,480,640,peach,545,343,583,379
RT_54.jpg,480,640,peach,295,19,345,65
RT_54.jpg,480,640,peach,453,400,495,448
RT_17.jpg,480,640,peach,282,152,330,196
RT_167.jpg,480,640,peach,442,341,493,392
RT_140.jpg,640,480,peach,241,212,300,268
RT_140.jpg,640,480,peach,441,437,480,475
RT_140.jpg,640,480,peach,304,449,335,479
RT_140.jpg,640,480,peach,375,454,398,480
RT_194.jpg,480,640,peach,369,178,407,216
RT_194.jpg,480,640,peach,560,189,601,230
RT_194.jpg,480,640,peach,383,322,415,354
RT_194.jpg,480,640,peach,306,94,334,123
RT_209.jpg,480,640,peach,141,348,167,382
RT_209.jpg,480,640,peach,197,327,222,363
RT_209.jpg,480,640,peach,306,281,333,309
RT_1.jpg,480,640,peach,82,188,127,228
RT_1.jpg,480,640,peach,227,122,273,162
RT_1.jpg,480,640,peach,302,371,337,407
RT_186.jpg,640,480,peach,316,272,354,313
RT_186.jpg,640,480,peach,301,221,339,259
RT_186.jpg,640,480,peach,572,304,640,378
RT_165.jpg,480,640,peach,136,28,178,66
RT_165.jpg,480,640,peach,114,47,144,71
RT_165.jpg,480,640,peach,114,63,151,95
RT_165.jpg,480,640,peach,172,104,217,142
RT_165.jpg,480,640,peach,226,101,264,137
RT_165.jpg,480,640,peach,178,53,223,95
RT_165.jpg,480,640,peach,253,314,295,353
RT_165.jpg,480,640,peach,207,46,246,80
RT_125.jpg,480,640,peach,292,214,348,266
RT_125.jpg,480,640,peach,520,118,549,154
RT_232.jpg,480,640,peach,88,222,121,258
RT_60.jpg,481,640,peach,14,105,57,143
RT_60.jpg,481,640,peach,545,226,573,255
RT_60.jpg,481,640,peach,612,293,639,346
RT_137.jpg,640,480,peach,40,15,72,59
RT_137.jpg,640,480,peach,55,40,96,79
RT_137.jpg,640,480,peach,30,52,66,87
RT_137.jpg,640,480,peach,59,64,97,98
RT_137.jpg,640,480,peach,24,82,51,121
RT_137.jpg,640,480,peach,298,328,341,368
RT_137.jpg,640,480,peach,600,1,639,24
RT_204.jpg,480,640,peach,102,236,148,281
RT_204.jpg,480,640,peach,299,307,340,350
RT_204.jpg,480,640,peach,218,381,244,411
RT_204.jpg,480,640,peach,221,344,244,367
RT_61.jpg,640,480,peach,97,388,128,420
RT_61.jpg,640,480,peach,117,378,145,407
RT_61.jpg,640,480,peach,406,106,444,142
RT_61.jpg,640,480,peach,453,228,478,252
RT_61.jpg,640,480,peach,539,111,572,141
RT_61.jpg,640,480,peach,314,163,356,211
RT_61.jpg,640,480,peach,1,281,29,320
RT_133.jpg,480,640,peach,64,217,121,278
RT_133.jpg,480,640,peach,320,238,341,266
RT_133.jpg,480,640,peach,484,198,524,240
RT_133.jpg,480,640,peach,569,352,597,379
RT_133.jpg,480,640,peach,590,352,617,380
RT_123.jpg,481,640,peach,263,357,362,451
RT_123.jpg,481,640,peach,295,215,345,266
RT_15.jpg,480,640,peach,157,23,188,56
RT_15.jpg,480,640,peach,223,161,257,203
RT_15.jpg,480,640,peach,9,223,40,253
RT_15.jpg,480,640,peach,18,208,46,231
RT_15.jpg,480,640,peach,415,178,457,209
RT_15.jpg,480,640,peach,381,199,425,234
RT_15.jpg,480,640,peach,480,282,519,317
RT_15.jpg,480,640,peach,305,364,335,395
RT_15.jpg,480,640,peach,395,163,437,197
RT_15.jpg,480,640,peach,18,147,47,175
RT_15.jpg,480,640,peach,8,185,37,210
RT_134.jpg,640,480,peach,300,126,367,186
RT_134.jpg,640,480,peach,136,131,212,195
RT_134.jpg,640,480,peach,63,164,96,194
RT_134.jpg,640,480,peach,275,290,346,357
RT_134.jpg,640,480,peach,607,82,634,121
RT_134.jpg,640,480,peach,612,20,640,88
RT_208.jpg,480,640,peach,518,114,566,172
RT_208.jpg,480,640,peach,416,215,456,254
RT_160.jpg,640,480,peach,100,231,147,277
RT_160.jpg,640,480,peach,194,273,233,308
RT_160.jpg,640,480,peach,181,295,222,335
RT_160.jpg,640,480,peach,206,354,239,392
RT_160.jpg,640,480,peach,223,393,259,428
RT_160.jpg,640,480,peach,460,253,495,289
RT_160.jpg,640,480,peach,475,85,496,105
RT_160.jpg,640,480,peach,363,1,401,27
RT_169.jpg,480,640,peach,253,74,295,113
RT_169.jpg,480,640,peach,240,241,283,285
RT_169.jpg,480,640,peach,391,375,425,409
RT_136.jpg,480,640,peach,50,31,87,64
RT_136.jpg,480,640,peach,321,291,356,324
RT_136.jpg,480,640,peach,307,291,333,323
RT_157.jpg,480,640,peach,363,229,403,270
RT_157.jpg,480,640,peach,295,30,344,77
RT_157.jpg,480,640,peach,476,325,497,345
RT_96.jpg,480,640,peach,303,135,336,170
RT_96.jpg,480,640,peach,299,159,334,194
RT_96.jpg,480,640,peach,192,210,231,248
RT_96.jpg,480,640,peach,574,442,600,473
RT_96.jpg,480,640,peach,239,190,265,223
RT_88.jpg,640,480,peach,263,79,301,116
RT_88.jpg,640,480,peach,443,124,476,162
RT_88.jpg,640,480,peach,372,197,406,230
RT_88.jpg,640,480,peach,349,244,384,278
RT_88.jpg,640,480,peach,371,301,401,329
RT_88.jpg,640,480,peach,359,432,396,469
RT_88.jpg,640,480,peach,383,434,421,470
RT_88.jpg,640,480,peach,93,465,129,479
RT_88.jpg,640,480,peach,308,374,331,403
RT_88.jpg,640,480,peach,33,161,76,203
RT_88.jpg,640,480,peach,287,93,315,125
RT_88.jpg,640,480,peach,81,1,137,31
RT_13.jpg,640,480,peach,251,45,284,79
RT_13.jpg,640,480,peach,205,104,234,132
RT_13.jpg,640,480,peach,123,175,149,203
RT_13.jpg,640,480,peach,280,225,310,262
RT_13.jpg,640,480,peach,326,349,352,379
RT_13.jpg,640,480,peach,337,374,367,403
RT_13.jpg,640,480,peach,393,367,433,411
RT_13.jpg,640,480,peach,402,426,441,468
RT_13.jpg,640,480,peach,404,458,446,479
RT_13.jpg,640,480,peach,378,455,416,479
RT_13.jpg,640,480,peach,307,222,335,250
RT_13.jpg,640,480,peach,214,69,233,95
RT_13.jpg,640,480,peach,439,1,492,36
RT_174.jpg,640,480,peach,163,413,213,455
RT_174.jpg,640,480,peach,360,215,394,249
RT_174.jpg,640,480,peach,107,1,135,15
RT_174.jpg,640,480,peach,37,70,65,92
RT_44.jpg,480,640,peach,565,1,617,32
RT_44.jpg,480,640,peach,2,291,46,329
RT_44.jpg,480,640,peach,206,105,241,148
RT_44.jpg,480,640,peach,450,427,474,454
RT_30.jpg,481,640,peach,164,385,203,421
RT_30.jpg,481,640,peach,185,373,224,409
RT_30.jpg,481,640,peach,63,355,92,382
RT_30.jpg,481,640,peach,65,381,92,406
RT_30.jpg,481,640,peach,22,222,52,259
RT_155.jpg,480,640,peach,298,2,342,41
RT_155.jpg,480,640,peach,559,446,597,479
RT_72.jpg,481,640,peach,33,224,69,257
RT_72.jpg,481,640,peach,314,212,360,260
RT_32.jpg,480,640,peach,301,3,354,52
RT_32.jpg,480,640,peach,303,170,337,206
RT_32.jpg,480,640,peach,105,196,134,239
RT_32.jpg,480,640,peach,4,345,40,379
RT_32.jpg,480,640,peach,460,32,505,77
RT_32.jpg,480,640,peach,434,63,469,94
RT_32.jpg,480,640,peach,434,303,461,329
RT_32.jpg,480,640,peach,534,232,565,258
RT_32.jpg,480,640,peach,580,223,609,252
RT_32.jpg,480,640,peach,595,238,623,264
RT_32.jpg,480,640,peach,455,290,478,314
RT_202.jpg,480,640,peach,335,306,373,349
RT_202.jpg,480,640,peach,464,160,490,185
RT_202.jpg,480,640,peach,478,43,502,64
RT_202.jpg,480,640,peach,498,67,517,90
RT_202.jpg,480,640,peach,11,446,51,479
RT_55.jpg,480,640,peach,411,92,446,125
RT_55.jpg,480,640,peach,600,126,628,155
RT_55.jpg,480,640,peach,305,240,335,270
RT_55.jpg,480,640,peach,274,331,321,376
RT_55.jpg,480,640,peach,399,216,421,242
RT_51.jpg,480,640,peach,301,170,339,203
RT_51.jpg,480,640,peach,310,192,344,225
RT_51.jpg,480,640,peach,504,332,539,365
RT_65.jpg,480,640,peach,85,344,124,381
RT_235.jpg,480,640,peach,510,201,539,231
RT_235.jpg,480,640,peach,493,192,524,220
RT_235.jpg,480,640,peach,406,304,434,331
RT_235.jpg,480,640,peach,558,361,585,392
RT_235.jpg,480,640,peach,565,387,593,416
RT_235.jpg,480,640,peach,558,89,583,113
RT_199.jpg,480,640,peach,233,351,268,387
RT_199.jpg,480,640,peach,588,425,639,479
RT_199.jpg,480,640,peach,73,412,99,440
RT_244.jpg,480,640,peach,308,172,331,196
RT_244.jpg,480,640,peach,413,230,456,267
RT_244.jpg,480,640,peach,521,70,546,93
RT_244.jpg,480,640,peach,66,421,111,462
RT_173.jpg,480,640,peach,298,219,341,261
RT_173.jpg,480,640,peach,266,405,317,448
RT_64.jpg,640,480,peach,234,448,271,479
RT_64.jpg,640,480,peach,259,443,294,478
RT_64.jpg,640,480,peach,300,272,324,303
RT_64.jpg,640,480,peach,273,1,300,23
RT_127.jpg,480,640,peach,291,217,348,278
RT_127.jpg,480,640,peach,547,238,568,266
RT_68.jpg,640,480,peach,1,271,22,299
RT_68.jpg,640,480,peach,602,454,634,480
RT_63.jpg,480,640,peach,52,112,85,141
RT_63.jpg,480,640,peach,1,179,16,202
RT_63.jpg,480,640,peach,1,204,13,223
RT_129.jpg,481,640,peach,40,224,77,257
RT_129.jpg,481,640,peach,483,230,516,269
RT_117.jpg,480,640,peach,219,191,295,257
RT_33.jpg,640,480,peach,95,339,142,381
RT_33.jpg,640,480,peach,282,58,309,82
RT_33.jpg,640,480,peach,530,424,572,464
RT_33.jpg,640,480,peach,605,296,629,323
RT_218.jpg,481,640,peach,301,222,339,259
RT_218.jpg,481,640,peach,507,317,541,356
RT_218.jpg,481,640,peach,533,346,559,374
RT_112.jpg,480,640,peach,299,230,340,271
RT_112.jpg,480,640,peach,327,271,362,307
RT_112.jpg,480,640,peach,381,432,414,466
RT_112.jpg,480,640,peach,587,37,618,67
RT_217.jpg,480,640,peach,292,125,348,181
RT_217.jpg,480,640,peach,310,187,364,239
RT_217.jpg,480,640,peach,355,175,404,219
RT_135.jpg,640,480,peach,336,13,383,55
RT_135.jpg,640,480,peach,290,24,350,87
RT_135.jpg,640,480,peach,279,255,311,299
RT_135.jpg,640,480,peach,294,280,335,319
RT_135.jpg,640,480,peach,269,292,305,327
RT_135.jpg,640,480,peach,298,304,336,338
RT_135.jpg,640,480,peach,263,322,290,361
RT_135.jpg,640,480,peach,1,390,18,424
RT_180.jpg,640,480,peach,150,110,188,159
RT_180.jpg,640,480,peach,130,106,169,154
RT_180.jpg,640,480,peach,1,13,20,49
RT_180.jpg,640,480,peach,5,70,43,105
RT_180.jpg,640,480,peach,303,338,330,367
RT_180.jpg,640,480,peach,270,64,311,105
RT_180.jpg,640,480,peach,34,419,68,451
RT_180.jpg,640,480,peach,287,450,323,479
RT_242.jpg,480,640,peach,326,279,356,309
RT_242.jpg,480,640,peach,382,64,402,82
RT_219.jpg,480,640,peach,284,59,355,121
RT_219.jpg,480,640,peach,47,422,94,464
RT_95.jpg,481,640,peach,568,78,602,109
RT_95.jpg,481,640,peach,476,171,506,200
RT_95.jpg,481,640,peach,455,195,489,224
RT_95.jpg,481,640,peach,183,328,222,367
RT_95.jpg,481,640,peach,139,283,167,313
RT_95.jpg,481,640,peach,52,226,82,249
RT_95.jpg,481,640,peach,11,228,36,253
RT_230.jpg,480,640,peach,277,219,323,261
RT_230.jpg,480,640,peach,309,230,343,267
RT_230.jpg,480,640,peach,405,220,441,253
RT_230.jpg,480,640,peach,413,413,438,438
RT_179.jpg,640,480,peach,429,42,460,76
RT_179.jpg,640,480,peach,417,267,442,293
RT_179.jpg,640,480,peach,405,299,436,332
RT_179.jpg,640,480,peach,402,321,439,355
RT_179.jpg,640,480,peach,296,290,343,337
RT_179.jpg,640,480,peach,414,403,444,442
RT_179.jpg,640,480,peach,1,353,36,411
RT_69.jpg,480,640,peach,501,179,536,220
RT_69.jpg,480,640,peach,581,99,604,124
RT_69.jpg,480,640,peach,347,281,365,303
RT_69.jpg,480,640,peach,310,329,329,348
RT_149.jpg,480,640,peach,2,66,26,94
RT_149.jpg,480,640,peach,35,71,59,97
RT_149.jpg,480,640,peach,213,304,241,331
RT_149.jpg,480,640,peach,203,314,230,339
RT_149.jpg,480,640,peach,468,372,515,414
RT_149.jpg,480,640,peach,463,431,511,478
RT_181.jpg,640,480,peach,521,34,554,78
RT_181.jpg,640,480,peach,484,131,514,162
RT_181.jpg,640,480,peach,307,237,334,264
RT_181.jpg,640,480,peach,197,417,227,446
RT_181.jpg,640,480,peach,217,413,249,442
RT_181.jpg,640,480,peach,272,459,313,479
RT_181.jpg,640,480,peach,545,361,567,387
RT_181.jpg,640,480,peach,255,392,290,426
RT_181.jpg,640,480,peach,1,223,26,260
RT_116.jpg,640,480,peach,144,260,182,299
RT_116.jpg,640,480,peach,297,88,343,135
RT_116.jpg,640,480,peach,393,26,443,74
RT_116.jpg,640,480,peach,446,18,488,67
RT_116.jpg,640,480,peach,1,269,24,313
RT_91.jpg,640,480,peach,510,210,549,248
RT_91.jpg,640,480,peach,243,21,277,53
RT_91.jpg,640,480,peach,557,190,583,223
RT_91.jpg,640,480,peach,617,159,640,195
RT_91.jpg,640,480,peach,620,138,640,165
RT_67.jpg,481,640,peach,191,212,220,250
RT_67.jpg,481,640,peach,132,335,182,381
RT_67.jpg,481,640,peach,80,224,122,257
RT_67.jpg,481,640,peach,568,59,617,103
RT_59.jpg,640,480,peach,74,170,112,203
RT_59.jpg,640,480,peach,83,192,117,225
RT_59.jpg,640,480,peach,277,332,312,365
RT_59.jpg,640,480,peach,466,366,494,395
RT_59.jpg,640,480,peach,497,383,526,410
RT_59.jpg,640,480,peach,512,401,539,427
RT_59.jpg,640,480,peach,454,105,475,128
RT_59.jpg,640,480,peach,523,460,549,480
RT_59.jpg,640,480,peach,267,455,285,478
RT_119.jpg,480,640,peach,129,218,182,262
RT_119.jpg,480,640,peach,340,79,393,130
RT_119.jpg,480,640,peach,375,136,424,184
RT_119.jpg,480,640,peach,422,118,470,165
RT_119.jpg,480,640,peach,242,421,282,458
RT_119.jpg,480,640,peach,245,360,264,382
RT_119.jpg,480,640,peach,24,324,52,348
RT_144.jpg,480,640,peach,432,413,482,455
RT_144.jpg,480,640,peach,376,1,404,16
RT_144.jpg,480,640,peach,306,70,334,92
RT_89.jpg,640,480,peach,257,277,306,333
RT_89.jpg,640,480,peach,301,229,339,268
RT_89.jpg,640,480,peach,293,438,323,471
RT_89.jpg,640,480,peach,313,436,341,469
RT_89.jpg,640,480,peach,267,180,298,212
RT_89.jpg,640,480,peach,592,420,639,473
RT_81.jpg,640,480,peach,1,408,33,443
RT_81.jpg,640,480,peach,288,338,321,389
RT_81.jpg,640,480,peach,303,375,336,420
RT_81.jpg,640,480,peach,164,40,197,79
RT_81.jpg,640,480,peach,1,394,16,424
RT_49.jpg,480,640,peach,86,328,113,358
RT_131.jpg,640,480,peach,300,366,367,426
RT_131.jpg,640,480,peach,136,371,212,435
RT_131.jpg,640,480,peach,63,404,96,434
RT_131.jpg,640,480,peach,267,42,307,100
RT_131.jpg,640,480,peach,607,322,634,361
RT_131.jpg,640,480,peach,609,263,640,324
RT_86.jpg,481,640,peach,289,211,350,270
RT_86.jpg,481,640,peach,266,218,306,279
RT_86.jpg,481,640,peach,298,245,346,293
RT_86.jpg,481,640,peach,327,192,373,239
RT_172.jpg,640,480,peach,63,375,97,409
RT_172.jpg,640,480,peach,299,225,340,262
RT_172.jpg,640,480,peach,509,417,539,446
RT_172.jpg,640,480,peach,529,413,561,442
RT_172.jpg,640,480,peach,584,459,625,479
RT_172.jpg,640,480,peach,567,392,602,426
RT_172.jpg,640,480,peach,620,237,640,265
RT_126.jpg,480,640,peach,246,361,345,455
RT_126.jpg,480,640,peach,278,219,328,270
RT_126.jpg,480,640,peach,598,219,624,246
RT_176.jpg,480,640,peach,298,1,341,27
RT_176.jpg,480,640,peach,330,104,362,139
RT_176.jpg,480,640,peach,477,34,521,79
RT_176.jpg,480,640,peach,502,74,549,110
RT_176.jpg,480,640,peach,476,76,518,117
RT_176.jpg,480,640,peach,606,274,639,318
RT_176.jpg,480,640,peach,569,371,599,402
RT_93.jpg,480,640,peach,104,319,142,356
RT_93.jpg,480,640,peach,284,364,317,402
RT_93.jpg,480,640,peach,213,437,247,470
RT_93.jpg,480,640,peach,548,18,624,94
RT_93.jpg,480,640,peach,495,72,563,165
RT_93.jpg,480,640,peach,341,164,371,201
RT_93.jpg,480,640,peach,128,333,156,365
RT_99.jpg,640,481,peach,230,203,264,234
RT_99.jpg,640,481,peach,138,296,168,325
RT_99.jpg,640,481,peach,117,320,151,349
RT_99.jpg,640,481,peach,336,218,369,250
RT_99.jpg,640,481,peach,301,224,339,257
RT_99.jpg,640,481,peach,402,83,439,120
RT_99.jpg,640,481,peach,113,312,140,333
RT_38.jpg,480,640,peach,566,54,628,113
RT_38.jpg,480,640,peach,607,61,639,123
RT_183.jpg,481,640,peach,303,110,330,139
RT_183.jpg,481,640,peach,286,221,322,260
RT_183.jpg,481,640,peach,302,276,338,309
RT_183.jpg,481,640,peach,314,294,345,326
RT_183.jpg,481,640,peach,309,317,335,349
RT_183.jpg,481,640,peach,293,301,317,324
RT_183.jpg,481,640,peach,3,353,30,379
RT_183.jpg,481,640,peach,358,417,391,450
RT_183.jpg,481,640,peach,34,191,68,223
RT_247.jpg,640,480,peach,9,271,47,309
RT_247.jpg,640,480,peach,37,330,80,370
RT_247.jpg,640,480,peach,298,278,341,322
RT_247.jpg,640,480,peach,316,307,363,350
RT_247.jpg,640,480,peach,276,1,315,33
RT_102.jpg,480,640,peach,150,70,184,101
RT_102.jpg,480,640,peach,58,163,88,192
RT_102.jpg,480,640,peach,37,187,71,216
RT_102.jpg,480,640,peach,256,85,289,117
RT_102.jpg,480,640,peach,221,91,259,124
RT_102.jpg,480,640,peach,303,334,336,372
RT_102.jpg,480,640,peach,328,345,358,379
RT_143.jpg,480,640,peach,474,184,514,224
RT_143.jpg,480,640,peach,503,277,534,307
RT_143.jpg,480,640,peach,573,255,603,285
RT_73.jpg,640,480,peach,183,211,230,261
RT_73.jpg,640,480,peach,134,413,174,455
RT_73.jpg,640,480,peach,300,248,339,298
RT_73.jpg,640,480,peach,336,309,371,348
RT_73.jpg,640,480,peach,358,367,394,408
RT_73.jpg,640,480,peach,527,18,569,58
RT_73.jpg,640,480,peach,617,293,640,340
RT_31.jpg,640,480,peach,291,206,324,240
RT_31.jpg,640,480,peach,316,200,348,230
RT_31.jpg,640,480,peach,351,325,382,356
RT_31.jpg,640,480,peach,264,447,298,476
RT_31.jpg,640,480,peach,430,367,450,386
RT_249.jpg,640,480,peach,563,441,592,471
RT_249.jpg,640,480,peach,546,432,577,460
RT_249.jpg,640,480,peach,309,201,331,227
RT_249.jpg,640,480,peach,611,329,636,353
RT_249.jpg,640,480,peach,1,294,28,349
RT_57.jpg,480,640,peach,427,292,479,340
RT_57.jpg,480,640,peach,418,351,445,381
RT_57.jpg,480,640,peach,445,367,470,395
RT_57.jpg,480,640,peach,302,241,338,273
RT_23.jpg,640,480,peach,379,216,423,264
RT_23.jpg,640,480,peach,485,250,513,290
RT_23.jpg,640,480,peach,405,108,429,142
RT_191.jpg,480,640,peach,298,12,341,54
RT_48.jpg,480,640,peach,549,394,577,425
RT_94.jpg,480,640,peach,418,405,456,445
RT_94.jpg,480,640,peach,385,208,448,272
RT_94.jpg,480,640,peach,487,6,527,45
RT_94.jpg,480,640,peach,621,287,638,310
RT_164.jpg,480,640,peach,333,77,373,111
RT_236.jpg,480,640,peach,541,394,571,428
RT_236.jpg,480,640,peach,523,391,551,421
RT_236.jpg,480,640,peach,299,217,341,263
RT_58.jpg,480,640,peach,303,279,336,316
RT_58.jpg,480,640,peach,405,385,436,417
RT_58.jpg,480,640,peach,425,375,453,404
RT_58.jpg,480,640,peach,118,187,142,214
RT_109.jpg,480,640,peach,231,220,279,271
RT_109.jpg,480,640,peach,237,9,268,37
RT_109.jpg,480,640,peach,420,23,452,57
RT_148.jpg,480,640,peach,114,248,146,277
RT_148.jpg,480,640,peach,135,255,161,278
RT_148.jpg,480,640,peach,126,266,154,295
RT_148.jpg,480,640,peach,164,376,189,402
RT_148.jpg,480,640,peach,46,415,75,441
RT_148.jpg,480,640,peach,28,382,51,408
RT_148.jpg,480,640,peach,342,324,369,349
RT_148.jpg,480,640,peach,1,135,18,188
RT_151.jpg,640,480,peach,114,8,146,37
RT_151.jpg,640,480,peach,135,15,161,38
RT_151.jpg,640,480,peach,126,26,154,55
RT_151.jpg,640,480,peach,164,136,189,162
RT_151.jpg,640,480,peach,46,175,75,201
RT_151.jpg,640,480,peach,28,142,51,168
RT_151.jpg,640,480,peach,34,297,58,319
RT_151.jpg,640,480,peach,17,298,38,324
RT_151.jpg,640,480,peach,169,393,195,419
RT_151.jpg,640,480,peach,342,84,369,109
RT_151.jpg,640,480,peach,279,283,325,323
RT_151.jpg,640,480,peach,499,407,537,446
RT_151.jpg,640,480,peach,611,249,640,285
RT_205.jpg,480,640,peach,236,173,286,215
RT_205.jpg,480,640,peach,299,355,340,396
